{
    "players": [
        {
            "id": [
                2,
                11,
                13,
                14,
                16,
                37,
                39,
                51,
                43,
                54,
                84
            ],
            "team": 0,
            "number": "2",
            "number_conf": 96,
            "appeared": 1,
            "disappeared": 1532,
            "distance": 93.07600000000001,
            "frames_ball": 42,
            "%_ball": 0.027433050293925537
        },
        {
            "id": [
                6,
                12,
                7,
                8,
                21,
                27,
                29,
                25,
                20,
                32,
                19,
                36,
                30,
                34,
                35,
                40,
                47,
                41,
                48,
                42,
                38,
                44,
                53,
                49,
                52,
                66,
                69,
                70,
                71,
                72,
                73,
                80,
                78,
                83,
                82,
                67,
                86,
                55,
                93,
                90,
                85,
                50,
                31
            ],
            "team": 0,
            "number": "4",
            "number_conf": 96,
            "appeared": 1,
            "disappeared": 1777,
            "distance": 310.68999999999994,
            "frames_ball": 468,
            "%_ball": 0.2635135135135135
        },
        {
            "id": [
                5,
                10,
                4,
                26,
                45,
                56,
                28,
                57,
                60,
                61,
                58
            ],
            "team": 1,
            "number": "4",
            "number_conf": 93,
            "appeared": 1,
            "disappeared": 1351,
            "distance": 110.387,
            "frames_ball": 113,
            "%_ball": 0.0837037037037037
        },
        {
            "id": [
                15,
                18,
                88
            ],
            "team": 0,
            "number": "5",
            "number_conf": 96,
            "appeared": 134,
            "disappeared": 1777,
            "distance": 32.199,
            "frames_ball": 27,
            "%_ball": 0.016433353621424222
        },
        {
            "id": [
                3,
                17,
                92
            ],
            "team": 0,
            "number": "12",
            "number_conf": 96,
            "appeared": 1,
            "disappeared": 1777,
            "distance": 82.089,
            "frames_ball": 182,
            "%_ball": 0.10247747747747747
        },
        {
            "id": [
                24
            ],
            "team": 0,
            "number": "6",
            "number_conf": 75,
            "appeared": 351,
            "disappeared": 368,
            "distance": 0.29,
            "frames_ball": 4,
            "%_ball": 0.23529411764705882
        },
        {
            "id": [
                1,
                23,
                33,
                75
            ],
            "team": 1,
            "number": "3",
            "number_conf": 96,
            "appeared": 1,
            "disappeared": 1426,
            "distance": 64.136,
            "frames_ball": 250,
            "%_ball": 0.17543859649122806
        },
        {
            "id": [
                63,
                62,
                76
            ],
            "team": 0,
            "number": "7",
            "number_conf": 90,
            "appeared": 1130,
            "disappeared": 1511,
            "distance": 40.162,
            "frames_ball": 23,
            "%_ball": 0.06036745406824147
        },
        {
            "id": [
                46
            ],
            "team": 1,
            "number": "2",
            "number_conf": 81,
            "appeared": 738,
            "disappeared": 1666,
            "distance": 12.122,
            "frames_ball": 0,
            "%_ball": 0.0
        },
        {
            "id": [
                77,
                95
            ],
            "team": 0,
            "number": "1",
            "number_conf": 77,
            "appeared": 1319,
            "disappeared": 1777,
            "distance": 13.596,
            "frames_ball": 0,
            "%_ball": 0.0
        },
        {
            "id": [
                98
            ],
            "team": 1,
            "number": "7",
            "number_conf": 76,
            "appeared": 1666,
            "disappeared": 1777,
            "distance": 8.126,
            "frames_ball": 19,
            "%_ball": 0.17117117117117117
        },
        {
            "id": [
                96
            ],
            "team": 0,
            "number": "0",
            "number_conf": 74,
            "appeared": 1647,
            "disappeared": 1777,
            "distance": 3.473,
            "frames_ball": 0,
            "%_ball": 0.0
        },
        {
            "id": [
                87
            ],
            "team": 0,
            "number": "15",
            "number_conf": 86,
            "appeared": 1462,
            "disappeared": 1777,
            "distance": 8.222,
            "frames_ball": 7,
            "%_ball": 0.022222222222222223
        },
        {
            "id": [
                79
            ],
            "team": 1,
            "number": "42",
            "number_conf": 91,
            "appeared": 1347,
            "disappeared": 1777,
            "distance": 14.162,
            "frames_ball": 0,
            "%_ball": 0.0
        },
        {
            "id": [
                68
            ],
            "team": 1,
            "number": "6",
            "number_conf": 75,
            "appeared": 1164,
            "disappeared": 1777,
            "distance": 9.982,
            "frames_ball": 38,
            "%_ball": 0.06199021207177814
        },
        {
            "id": [
                101
            ],
            "team": 0,
            "number": "",
            "number_conf": 0,
            "appeared": 1775,
            "disappeared": 1777,
            "distance": 0.01,
            "frames_ball": 0,
            "%_ball": 0.0
        },
        {
            "id": [
                99
            ],
            "team": 0,
            "number": "",
            "number_conf": 0,
            "appeared": 1746,
            "disappeared": 1777,
            "distance": 1.487,
            "frames_ball": 0,
            "%_ball": 0.0
        },
        {
            "id": [
                9
            ],
            "team": 1,
            "number": "7",
            "number_conf": 85,
            "appeared": 1,
            "disappeared": 1034,
            "distance": 11.144,
            "frames_ball": 17,
            "%_ball": 0.016456921587608905
        },
        {
            "id": [
                59
            ],
            "team": 1,
            "number": "",
            "number_conf": 0,
            "appeared": 1054,
            "disappeared": 1107,
            "distance": 1.984,
            "frames_ball": 0,
            "%_ball": 0.0
        },
        {
            "id": [
                22
            ],
            "team": 0,
            "number": "10",
            "number_conf": 95,
            "appeared": 270,
            "disappeared": 1564,
            "distance": 28.29,
            "frames_ball": 54,
            "%_ball": 0.04173106646058733
        },
        {
            "id": [
                74
            ],
            "team": 1,
            "number": "3",
            "number_conf": 95,
            "appeared": 1308,